{
    "lambda=inf": {
        "k=inf": {
            "agent_0": {
                "strategies": [
                    2,
                    70,
                    38,
                    40,
                    42,
                    44,
                    46,
                    48,
                    50,
                    52,
                    54,
                    56,
                    58,
                    60,
                    62,
                    64,
                    66,
                    68,
                    39,
                    41,
                    43,
                    45,
                    47,
                    49,
                    51,
                    53,
                    55,
                    57,
                    59,
                    61,
                    63,
                    65,
                    67,
                    37,
                    69,
                    36,
                    35,
                    34,
                    33,
                    32,
                    31,
                    30,
                    29,
                    28,
                    27,
                    26,
                    25,
                    24,
                    23,
                    22,
                    21,
                    20,
                    19,
                    18,
                    17,
                    16,
                    15,
                    14,
                    13,
                    12,
                    11,
                    10,
                    9,
                    8,
                    7,
                    6,
                    5,
                    4,
                    3
                ],
                "probabilities": [
                    0.5021399992178631,
                    0.3165594892787047,
                    0.009945392154248925,
                    0.009831222754183912,
                    0.009725077129282254,
                    0.009626868560613159,
                    0.009536516805734434,
                    0.009453948033099733,
                    0.009379094761696105,
                    0.009311895805862056,
                    0.009252296225239261,
                    0.00920024727981263,
                    0.00915570638999639,
                    0.009118637101705919,
                    0.00908900905633192,
                    0.009066797965483967,
                    0.00905198559067546,
                    0.009044559737765771,
                    0.003995046979407081,
                    0.0037141805891046905,
                    0.003436347930177046,
                    0.0031613222712611284,
                    0.002888879175208916,
                    0.0026187963159614944,
                    0.002350853297153279,
                    0.00208483147229435,
                    0.0018205137663888698,
                    0.00155768449884951,
                    0.0012961292075789376,
                    0.0010356344741166933,
                    0.0007759877497898354,
                    0.0005169771826847593,
                    0.00025839144036188147,
                    6.729444358830824e-09,
                    -7.351292316457186e-10,
                    -7.025077263249049e-09,
                    -8.367378992066408e-09,
                    -8.874989966263907e-09,
                    -9.141815005974546e-09,
                    -9.306335397819977e-09,
                    -9.417923715010062e-09,
                    -9.498585220612442e-09,
                    -9.559612177562602e-09,
                    -9.607395843946342e-09,
                    -9.645825097019934e-09,
                    -9.677401945650434e-09,
                    -9.70380916136701e-09,
                    -9.726220213198144e-09,
                    -9.745478394130034e-09,
                    -9.762205315419854e-09,
                    -9.776869258179644e-09,
                    -9.789829703936002e-09,
                    -9.801367197908112e-09,
                    -9.811703887919238e-09,
                    -9.821017967555261e-09,
                    -9.829454034774002e-09,
                    -9.837130652942392e-09,
                    -9.844145957804444e-09,
                    -9.85058187522661e-09,
                    -9.856507335366539e-09,
                    -9.861980751229791e-09,
                    -9.86705195081323e-09,
                    -9.87176369839129e-09,
                    -9.876152903383393e-09,
                    -9.880251589178458e-09,
                    -9.884087675744185e-09,
                    -9.88768561648222e-09,
                    -9.891066920045439e-09,
                    -9.894250580651908e-09
                ]
            },
            "agent_1": {
                "strategies": [
                    2,
                    70,
                    38,
                    40,
                    42,
                    44,
                    46,
                    48,
                    50,
                    52,
                    54,
                    56,
                    58,
                    60,
                    62,
                    64,
                    66,
                    68,
                    39,
                    41,
                    43,
                    45,
                    47,
                    49,
                    51,
                    53,
                    55,
                    57,
                    59,
                    61,
                    63,
                    65,
                    67,
                    37,
                    69,
                    36,
                    35,
                    34,
                    33,
                    32,
                    31,
                    30,
                    29,
                    28,
                    27,
                    26,
                    25,
                    24,
                    23,
                    22,
                    21,
                    20,
                    19,
                    18,
                    17,
                    16,
                    15,
                    14,
                    13,
                    12,
                    11,
                    10,
                    9,
                    8,
                    7,
                    6,
                    5,
                    4,
                    3
                ],