{
    "lambda=inf": {
        "k=inf": {
            "agent_0": {
                "strategies": [
                    20,
                    22,
                    21,
                    24,
                    23,
                    26,
                    28,
                    25,
                    30,
                    32,
                    34,
                    27,
                    36,
                    38,
                    29,
                    40,
                    42,
                    31,
                    44,
                    46,
                    48,
                    33,
                    50,
                    52,
                    70,
                    54,
                    56,
                    58,
                    60,
                    35,
                    62,
                    64,
                    66,
                    68,
                    47,
                    51,
                    67,
                    59,
                    55,
                    65,
                    63,
                    61,
                    43,
                    57,
                    53,
                    69,
                    49,
                    39,
                    45,
                    41,
                    37,
                    19,
                    18,
                    17,
                    16,
                    15,
                    14,
                    13,
                    12,
                    11,
                    10,
                    9,
                    8,
                    7,
                    6,
                    5,
                    4,
                    3,
                    2
                ],
                "probabilities": [
                    0.09876296525354207,
                    0.08246606881207436,
                    0.08148447636243346,
                    0.06946781379110029,
                    0.06499126432917045,
                    0.05924826888091423,
                    0.0513986501943891,
                    0.05109770468833924,
                    0.04560496885299867,
                    0.04163546851479247,
                    0.03933134320433477,
                    0.039248056604858896,
                    0.03860025439239629,
                    0.03046855772185695,
                    0.02896833717534826,
                    0.02641251233875301,
                    0.019903666006638027,
                    0.01984736402867432,
                    0.018449790532761016,
                    0.012524645182088678,
                    0.012430829717253256,
                    0.011520315069102659,
                    0.00837765477003793,
                    0.008304430637290946,
                    0.007266714254388415,
                    0.00568976609150339,
                    0.005650038393176874,
                    0.003738782417502619,
                    0.003692467873412185,
                    0.003654201591639889,
                    0.0026381193384291002,
                    0.0026329943234440424,
                    0.001575435767274366,
                    0.0014532410202044213,
                    0.00045880828172668566,
                    0.00035261552111370863,
                    0.00025524700057856986,
                    0.00021046492930184058,
                    0.00017234356407389023,
                    6.648769538584383e-06,
                    2.8597580580463812e-06,
                    1.1562689023536438e-06,
                    6.869341874413496e-07,
                    5.555477159893401e-07,
                    3.858806039110887e-07,
                    3.302734187092426e-07,
                    2.4167663523363773e-07,
                    2.3745882474968888e-07,
                    1.5989186954411032e-07,
                    1.444731249942539e-07,
                    1.1354430753561893e-07,
                    -5.045313001960236e-09,
                    -8.33579323035562e-09,
                    -8.999944644771793e-09,
                    -9.285204952416014e-09,
                    -9.443845089121412e-09,
                    -9.544858296933183e-09,
                    -9.614818055175938e-09,
                    -9.666136204678241e-09,
                    -9.705387678146248e-09,
                    -9.73638069425046e-09,
                    -9.761473517654045e-09,
                    -9.782204557979164e-09,
                    -9.799620160671287e-09,
                    -9.814456775210624e-09,
                    -9.827247773327534e-09,
                    -9.838388933602047e-09,
                    -9.848180121797496e-09,
                    -9.85685268549934e-09
                ]
            },
            "agent_1": {
                "strategies": [
                    20,
                    22,
                    21,
                    24,
                    23,
                    26,
                    28,
                    25,
                    30,
                    32,
                    34,
                    27,
                    36,
                    38,
                    29,
                    40,
                    42,
                    31,
                    44,
                    46,
                    48,
                    33,
                    50,
                    52,
                    70,
                    54,
                    56,
                    58,
                    60,
                    35,
                    62,
                    64,
                    66,
                    68,
                    47,
                    51,
                    67,
                    59,
                    55,
                    65,
                    63,
                    61,
                    43,
                    57,
                    53,
                    69,
                    49,
                    39,
                    45,
                    41,
                    37,
                    19,
                    18,
                    17,
                    16,
                    15,
                    14,
                    13,
                    12,
                    11,
                    10,
                    9,
                    8,
                    7,
                    6,
                    5,
                    4,
                    3,
                    2
                ],