{
    "lambda=1": {
        "k=0": {
            "agent_1": {
                "strategies": [
                    2,
                    3,
                    4,
                    5
                ],
                "probabilities": [
                    0.25,
                    0.25,
                    0.25,
                    0.25
                ]
            },
            "agent_2": {
                "strategies": [
                    2,
                    3,
                    4,
                    5
                ],
                "probabilities": [
                    0.25,
                    0.25,
                    0.25,
                    0.25
                ]
            }
        },
        "k=2": {
            "agent_1": {
                "strategies": [
                    5,
                    4,
                    3,
                    2
                ],
                "probabilities": [
                    0.4708589650265093,
                    0.3143174594179681,
                    0.15316136663519583,
                    0.06166220892032676
                ]
            },
            "agent_2": {
                "strategies": [
                    5,
                    4,
                    3,
                    2
                ],
                "probabilities": [
                    0.4708589650265093,
                    0.3143174594179681,
                    0.15316136663519583,
                    0.06166220892032676
                ]
            }
        }
    },
    "lambda=0.2": {
        "k=0": {
            "agent_1": {
                "strategies": [
                    2,
                    3,
                    4,
                    5
                ],
                "probabilities": [
                    0.25,
                    0.25,
                    0.25,
                    0.25
                ]
            },
            "agent_2": {
                "strategies": [
                    2,
                    3,
                    4,
                    5
                ],
                "probabilities": [
                    0.25,
                    0.25,
                    0.25,
                    0.25
                ]
            }
        },
        "k=2": {
            "agent_1": {
                "strategies": [
                    5,
                    4,
                    3,
                    2
                ],
                "probabilities": [
                    0.28448471380985274,
                    0.2689122696733987,
                    0.2409385777244352,
                    0.2056644387923134
                ]
            },
            "agent_2": {
                "strategies": [
                    5,
                    4,
                    3,
                    2
                ],
                "probabilities": [
                    0.28448471380985274,
                    0.26891226967339865,
                    0.2409385777244352,
                    0.2056644387923134
                ]
            }
        }
    }
}