{
    "lambda=1": {
        "k=0": {
            "agent_1": {
                "strategies": [
                    2,
                    3
                ],
                "probabilities": [
                    0.5,
                    0.5
                ]
            },
            "agent_2": {
                "strategies": [
                    2,
                    3
                ],
                "probabilities": [
                    0.5,
                    0.5
                ]
            }
        },
        "k=2": {
            "agent_1": {
                "strategies": [
                    2,
                    3
                ],
                "probabilities": [
                    0.6507776782147005,
                    0.34922232178529966
                ]
            },
            "agent_2": {
                "strategies": [
                    2,
                    3
                ],
                "probabilities": [
                    0.6507776782147005,
                    0.34922232178529966
                ]
            }
        }
    },
    "lambda=0.2": {
        "k=0": {
            "agent_1": {
                "strategies": [
                    2,
                    3
                ],
                "probabilities": [
                    0.5,
                    0.5
                ]
            },
            "agent_2": {
                "strategies": [
                    2,
                    3
                ],
                "probabilities": [
                    0.5,
                    0.5
                ]
            }
        },
        "k=2": {
            "agent_1": {
                "strategies": [
                    2,
                    3
                ],
                "probabilities": [
                    0.5262248716088659,
                    0.4737751283911342
                ]
            },
            "agent_2": {
                "strategies": [
                    2,
                    3
                ],
                "probabilities": [
                    0.5262248716088659,
                    0.4737751283911342
                ]
            }
        }
    }
}