{
    "lambda=inf": {
        "k=inf": {
            "agent_0": {
                "strategies": [
                    2,
                    3,
                    4,
                    5
                ],
                "probabilities": [
                    1.0000000136295275,
                    -2.7300624398966087e-09,
                    -5.02101682537044e-09,
                    -5.87844805086488e-09
                ]
            },
            "agent_1": {
                "strategies": [
                    2,
                    3,
                    4,
                    5
                ],
                "probabilities": [
                    1.000000013629527,
                    -2.730062366685958e-09,
                    -5.021016730550083e-09,
                    -5.8784479810065496e-09
                ]
            }
        }
    }
}