{
    "lambda=inf": {
        "k=inf": {
            "agent_0": {
                "strategies": [
                    3,
                    2,
                    5,
                    4
                ],
                "probabilities": [
                    0.33333333515695696,
                    0.33333333232067874,
                    0.33333332934275584,
                    3.179608507630194e-09
                ]
            },
            "agent_1": {
                "strategies": [
                    3,
                    2,
                    5,
                    4
                ],
                "probabilities": [
                    0.3333333351569568,
                    0.33333333232067885,
                    0.3333333293427559,
                    3.1796085079995002e-09
                ]
            }
        }
    }
}