{
    "lambda=inf": {
        "k=inf": {
            "agent_0": {
                "strategies": [
                    3,
                    2
                ],
                "probabilities": [
                    1.000000005088133,
                    -5.0881330626967485e-09
                ]
            },
            "agent_1": {
                "strategies": [
                    3,
                    2
                ],
                "probabilities": [
                    1.000000005088133,
                    -5.0881330627090304e-09
                ]
            }
        }
    }
}