{
  "lambda=inf_k=inf": {
    "media": 29.44078470265279,
    "mediana": 28.0,
    "desviacion": 9.685953684505703
  }
}