{
  "lambda=0_k=0": {
    "media": 10.999999999999998,
    "mediana": 11.0,
    "desviacion": 5.477225575051661
  },
  "lambda=0.5_k=0": {
    "media": 10.999999999999998,
    "mediana": 11.0,
    "desviacion": 5.477225575051661
  },
  "lambda=1_k=0": {
    "media": 10.999999999999998,
    "mediana": 11.0,
    "desviacion": 5.477225575051661
  },
  "lambda=3_k=0": {
    "media": 10.999999999999998,
    "mediana": 11.0,
    "desviacion": 5.477225575051661
  },
  "lambda=0_k=5": {
    "media": 10.999999999999998,
    "mediana": 11.0,
    "desviacion": 5.477225575051661
  },
  "lambda=0.5_k=5": {
    "media": 17.70592093525011,
    "mediana": 18.0,
    "desviacion": 2.32331784452142
  },
  "lambda=1_k=5": {
    "media": 19.089654975881952,
    "mediana": 19.0,
    "desviacion": 1.144591836501244
  },
  "lambda=3_k=5": {
    "media": 19.936006743121876,
    "mediana": 20.0,
    "desviacion": 0.25820453719351616
  },
  "lambda=0_k=10": {
    "media": 10.999999999999998,
    "mediana": 11.0,
    "desviacion": 5.477225575051661
  },
  "lambda=0.5_k=10": {
    "media": 17.73034623140786,
    "mediana": 18.0,
    "desviacion": 2.310385137785893
  },
  "lambda=1_k=10": {
    "media": 19.113145339882706,
    "mediana": 19.0,
    "desviacion": 1.131500359522615
  },
  "lambda=3_k=10": {
    "media": 19.938027852024135,
    "mediana": 20.0,
    "desviacion": 0.2543193178834139
  },
  "lambda=0_k=20": {
    "media": 10.999999999999998,
    "mediana": 11.0,
    "desviacion": 5.477225575051661
  },
  "lambda=0.5_k=20": {
    "media": 17.730452882749532,
    "mediana": 18.0,
    "desviacion": 2.310329619117034
  },
  "lambda=1_k=20": {
    "media": 19.113270589065184,
    "mediana": 19.0,
    "desviacion": 1.1314326339259668
  },
  "lambda=3_k=20": {
    "media": 19.938028112481756,
    "mediana": 20.0,
    "desviacion": 0.2543188124396671
  }
}