{
  "lambda=0_k=0": {
    "media": 51.0,
    "mediana": 51.0,
    "desviacion": 28.577380332470412
  },
  "lambda=0.5_k=0": {
    "media": 51.0,
    "mediana": 51.0,
    "desviacion": 28.577380332470412
  },
  "lambda=1_k=0": {
    "media": 51.0,
    "mediana": 51.0,
    "desviacion": 28.577380332470412
  },
  "lambda=3_k=0": {
    "media": 51.0,
    "mediana": 51.0,
    "desviacion": 28.577380332470412
  },
  "lambda=0_k=5": {
    "media": 51.0,
    "mediana": 51.0,
    "desviacion": 28.577380332470412
  },
  "lambda=0.5_k=5": {
    "media": 87.35323699464185,
    "mediana": 89.0,
    "desviacion": 5.627504291416047
  },
  "lambda=1_k=5": {
    "media": 81.60092489520747,
    "mediana": 81.0,
    "desviacion": 1.797789178917728
  },
  "lambda=3_k=5": {
    "media": 82.81949687794827,
    "mediana": 83.0,
    "desviacion": 0.4100105087172037
  },
  "lambda=0_k=10": {
    "media": 51.0,
    "mediana": 51.0,
    "desviacion": 28.577380332470412
  },
  "lambda=0.5_k=10": {
    "media": 87.91127205547691,
    "mediana": 91.0,
    "desviacion": 5.894198444851022
  },
  "lambda=1_k=10": {
    "media": 69.9896517457419,
    "mediana": 71.0,
    "desviacion": 2.205106536037312
  },
  "lambda=3_k=10": {
    "media": 76.2157188047934,
    "mediana": 76.0,
    "desviacion": 0.5187345163400543
  },
  "lambda=0_k=20": {
    "media": 51.0,
    "mediana": 51.0,
    "desviacion": 28.577380332470412
  },
  "lambda=0.5_k=20": {
    "media": 87.58700660162862,
    "mediana": 90.0,
    "desviacion": 6.015742872700433
  },
  "lambda=1_k=20": {
    "media": 47.422240295079646,
    "mediana": 48.0,
    "desviacion": 5.141785893933777
  },
  "lambda=3_k=20": {
    "media": 63.500136778530866,
    "mediana": 64.0,
    "desviacion": 0.556816827858783
  }
}