{
  "lambda=0_k=0": {
    "media": 36.00000000000001,
    "mediana": 36.0,
    "desviacion": 19.91649232838621
  },
  "lambda=0.5_k=0": {
    "media": 36.00000000000001,
    "mediana": 36.0,
    "desviacion": 19.91649232838621
  },
  "lambda=1_k=0": {
    "media": 36.00000000000001,
    "mediana": 36.0,
    "desviacion": 19.91649232838621
  },
  "lambda=3_k=0": {
    "media": 36.00000000000001,
    "mediana": 36.0,
    "desviacion": 19.91649232838621
  },
  "lambda=0_k=5": {
    "media": 36.00000000000001,
    "mediana": 36.0,
    "desviacion": 19.91649232838621
  },
  "lambda=0.5_k=5": {
    "media": 57.22900920582813,
    "mediana": 59.0,
    "desviacion": 5.703452605196672
  },
  "lambda=1_k=5": {
    "media": 51.20162974640798,
    "mediana": 52.0,
    "desviacion": 1.7664950790852973
  },
  "lambda=3_k=5": {
    "media": 52.79158252319787,
    "mediana": 53.0,
    "desviacion": 0.4341377627989023
  },
  "lambda=0_k=10": {
    "media": 36.00000000000001,
    "mediana": 36.0,
    "desviacion": 19.91649232838621
  },
  "lambda=0.5_k=10": {
    "media": 57.88932008064358,
    "mediana": 52.0,
    "desviacion": 5.877352355105822
  },
  "lambda=1_k=10": {
    "media": 39.61843478013613,
    "mediana": 39.0,
    "desviacion": 2.2330604033376096
  },
  "lambda=3_k=10": {
    "media": 46.0973220589504,
    "mediana": 46.0,
    "desviacion": 0.45491731897271886
  },
  "lambda=0_k=20": {
    "media": 36.00000000000001,
    "mediana": 36.0,
    "desviacion": 19.91649232838621
  },
  "lambda=0.5_k=20": {
    "media": 57.58785866250161,
    "mediana": 60.0,
    "desviacion": 6.017961891421551
  },
  "lambda=1_k=20": {
    "media": 17.067984425392712,
    "mediana": 16.0,
    "desviacion": 5.2239649246639415
  },
  "lambda=3_k=20": {
    "media": 33.38259594622585,
    "mediana": 33.0,
    "desviacion": 0.5586344945169793
  }
}