{
  "lambda=inf_k=inf": {
    "media": 39.87786085714471,
    "mediana": 2.0,
    "desviacion": 41.6299279091656
  }
}