{
  "lambda=0_k=0": {
    "media": 51.0,
    "mediana": 51.0,
    "desviacion": 28.577380332470412
  },
  "lambda=0.5_k=0": {
    "media": 51.0,
    "mediana": 51.0,
    "desviacion": 28.577380332470412
  },
  "lambda=1_k=0": {
    "media": 51.0,
    "mediana": 51.0,
    "desviacion": 28.577380332470412
  },
  "lambda=3_k=0": {
    "media": 51.0,
    "mediana": 51.0,
    "desviacion": 28.577380332470412
  },
  "lambda=0_k=5": {
    "media": 51.0,
    "mediana": 51.0,
    "desviacion": 28.577380332470412
  },
  "lambda=0.5_k=5": {
    "media": 2.0001206530763804,
    "mediana": 2.0,
    "desviacion": 0.08901042025761569
  },
  "lambda=1_k=5": {
    "media": 2.006080197069823,
    "mediana": 2.0,
    "desviacion": 0.07773844725871831
  },
  "lambda=3_k=5": {
    "media": 12.910046557435921,
    "mediana": 13.0,
    "desviacion": 0.30344122259202017
  },
  "lambda=0_k=10": {
    "media": 51.0,
    "mediana": 51.0,
    "desviacion": 28.577380332470412
  },
  "lambda=0.5_k=10": {
    "media": 2.0001218127213005,
    "mediana": 2.0,
    "desviacion": 0.08943710251793653
  },
  "lambda=1_k=10": {
    "media": 2.0000000000030593,
    "mediana": 2.0,
    "desviacion": 1.4172115716544156e-05
  },
  "lambda=3_k=10": {
    "media": 2.944892960482054,
    "mediana": 3.0,
    "desviacion": 0.27430657729811053
  },
  "lambda=0_k=20": {
    "media": 51.0,
    "mediana": 51.0,
    "desviacion": 28.577380332470412
  },
  "lambda=0.5_k=20": {
    "media": 2.0001218127213005,
    "mediana": 2.0,
    "desviacion": 0.08943710251793653
  },
  "lambda=1_k=20": {
    "media": 2.0000000000030593,
    "mediana": 2.0,
    "desviacion": 1.4172115716544156e-05
  },
  "lambda=3_k=20": {
    "media": 2.0,
    "mediana": 2.0,
    "desviacion": 8.935684433105583e-21
  }
}