{
  "lambda=inf_k=inf": {
    "media": 32.5824950546197,
    "mediana": 2.0,
    "desviacion": 31.557294154663303
  }
}