{
  "lambda=inf_k=inf": {
    "media": 28.73888357091988,
    "mediana": 28.0,
    "desviacion": 10.017060567222732
  }
}