{
    "lambda=1": {
        "k=5": {
            "agent_1": {
                "strategies": [
                    3,
                    2
                ],
                "probabilities": [
                    0.6589521000392728,
                    0.3410478999607272
                ]
            },
            "agent_2": {
                "strategies": [
                    3,
                    2
                ],
                "probabilities": [
                    0.6589521000392728,
                    0.3410478999607272
                ]
            }
        },
        "k=2": {
            "agent_1": {
                "strategies": [
                    3,
                    2
                ],
                "probabilities": [
                    0.6507776782147005,
                    0.34922232178529955
                ]
            },
            "agent_2": {
                "strategies": [
                    3,
                    2
                ],
                "probabilities": [
                    0.6507776782147005,
                    0.34922232178529955
                ]
            }
        }
    },
    "lambda=0.2": {
        "k=5": {
            "agent_1": {
                "strategies": [
                    3,
                    2
                ],
                "probabilities": [
                    0.5262902355285501,
                    0.4737097644714498
                ]
            },
            "agent_2": {
                "strategies": [
                    3,
                    2
                ],
                "probabilities": [
                    0.5262902355285501,
                    0.4737097644714498
                ]
            }
        },
        "k=2": {
            "agent_1": {
                "strategies": [
                    3,
                    2
                ],
                "probabilities": [
                    0.5262248716088659,
                    0.4737751283911341
                ]
            },
            "agent_2": {
                "strategies": [
                    3,
                    2
                ],
                "probabilities": [
                    0.5262248716088659,
                    0.4737751283911341
                ]
            }
        }
    }
}