{
    "lambda=1": {
        "k=5": {
            "agent_1": {
                "strategies": [
                    5,
                    4,
                    3,
                    2
                ],
                "probabilities": [
                    0.5054485435862481,
                    0.3056900976074356,
                    0.13606385747493377,
                    0.0527975013313824
                ]
            },
            "agent_2": {
                "strategies": [
                    5,
                    4,
                    3,
                    2
                ],
                "probabilities": [
                    0.5054485435862481,
                    0.3056900976074356,
                    0.13606385747493377,
                    0.05279750133138242
                ]
            }
        },
        "k=2": {
            "agent_1": {
                "strategies": [
                    5,
                    4,
                    3,
                    2
                ],
                "probabilities": [
                    0.4708589650265093,
                    0.3143174594179681,
                    0.15316136663519583,
                    0.06166220892032676
                ]
            },
            "agent_2": {
                "strategies": [
                    5,
                    4,
                    3,
                    2
                ],
                "probabilities": [
                    0.4708589650265093,
                    0.3143174594179681,
                    0.15316136663519583,
                    0.06166220892032676
                ]
            }
        }
    },
    "lambda=0.2": {
        "k=5": {
            "agent_1": {
                "strategies": [
                    5,
                    4,
                    3,
                    2
                ],
                "probabilities": [
                    0.2847710744234657,
                    0.2690054838563063,
                    0.2408024615954793,
                    0.20542098012474866
                ]
            },
            "agent_2": {
                "strategies": [
                    5,
                    4,
                    3,
                    2
                ],
                "probabilities": [
                    0.2847710744234657,
                    0.2690054838563063,
                    0.2408024615954793,
                    0.20542098012474866
                ]
            }
        },
        "k=2": {
            "agent_1": {
                "strategies": [
                    5,
                    4,
                    3,
                    2
                ],
                "probabilities": [
                    0.28448471380985274,
                    0.2689122696733987,
                    0.2409385777244352,
                    0.2056644387923134
                ]
            },
            "agent_2": {
                "strategies": [
                    5,
                    4,
                    3,
                    2
                ],
                "probabilities": [
                    0.28448471380985274,
                    0.26891226967339865,
                    0.2409385777244352,
                    0.2056644387923134
                ]
            }
        }
    }
}