{
    "lambda=1": {
        "k=0": {
            "agent_1": {
                "strategies": [
                    2,
                    3,
                    4,
                    5
                ],
                "probabilities": [
                    0.25,
                    0.25,
                    0.25,
                    0.25
                ]
            },
            "agent_2": {
                "strategies": [
                    2,
                    3,
                    4,
                    5
                ],
                "probabilities": [
                    0.25,
                    0.25,
                    0.25,
                    0.25
                ]
            }
        },
        "k=2": {
            "agent_1": {
                "strategies": [
                    3,
                    4,
                    2,
                    5
                ],
                "probabilities": [
                    0.2937608937316758,
                    0.2760521090849595,
                    0.22177822573311384,
                    0.20840877145025097
                ]
            },
            "agent_2": {
                "strategies": [
                    3,
                    4,
                    2,
                    5
                ],
                "probabilities": [
                    0.29376089373167585,
                    0.2760521090849594,
                    0.2217782257331138,
                    0.2084087714502509
                ]
            }
        }
    },
    "lambda=0.2": {
        "k=0": {
            "agent_1": {
                "strategies": [
                    2,
                    3,
                    4,
                    5
                ],
                "probabilities": [
                    0.25,
                    0.25,
                    0.25,
                    0.25
                ]
            },
            "agent_2": {
                "strategies": [
                    2,
                    3,
                    4,
                    5
                ],
                "probabilities": [
                    0.25,
                    0.25,
                    0.25,
                    0.25
                ]
            }
        },
        "k=2": {
            "agent_1": {
                "strategies": [
                    3,
                    4,
                    2,
                    5
                ],
                "probabilities": [
                    0.25672525474160823,
                    0.2560843765469464,
                    0.24389961475728505,
                    0.24329075395416036
                ]
            },
            "agent_2": {
                "strategies": [
                    3,
                    4,
                    2,
                    5
                ],
                "probabilities": [
                    0.25672525474160823,
                    0.2560843765469464,
                    0.24389961475728505,
                    0.2432907539541604
                ]
            }
        }
    }
}