{
    "lambda=0.2": {
        "k=2": {
            "agent_1": {
                "strategies": [
                    5,
                    4,
                    3,
                    2
                ],
                "probabilities": [
                    0.28448471380985274,
                    0.2689122696733987,
                    0.2409385777244352,
                    0.2056644387923134
                ]
            },
            "agent_2": {
                "strategies": [
                    5,
                    4,
                    3,
                    2
                ],
                "probabilities": [
                    0.28448471380985274,
                    0.26891226967339865,
                    0.2409385777244352,
                    0.2056644387923134
                ]
            }
        }
    }
}