{
    "lambda=inf": {
        "k=inf": {
            "agent_0": {
                "strategies": [
                    3,
                    6,
                    7,
                    5,
                    8,
                    9,
                    10,
                    11,
                    12,
                    13,
                    14,
                    15,
                    16,
                    17,
                    18,
                    19,
                    20,
                    2,
                    4
                ],
                "probabilities": [
                    1.0000001005659627,
                    -3.975446518071966e-09,
                    -4.170956141042837e-09,
                    -4.352287579517167e-09,
                    -4.470186848713289e-09,
                    -4.763504535976094e-09,
                    -5.023602467706262e-09,
                    -5.246157355785293e-09,
                    -5.433461691074321e-09,
                    -5.589426613786912e-09,
                    -5.71796492674168e-09,
                    -5.822472505871665e-09,
                    -5.905724259925956e-09,
                    -5.969910059765665e-09,
                    -6.016692488394145e-09,
                    -6.047257153133574e-09,
                    -6.0623578614552685e-09,
                    -7.494096490248512e-09,
                    -8.504457347638312e-09
                ]
            },
            "agent_1": {
                "strategies": [
                    3,
                    6,
                    7,
                    5,
                    8,
                    9,
                    10,
                    11,
                    12,
                    13,
                    14,
                    15,
                    16,
                    17,
                    18,
                    19,
                    20,
                    2,
                    4
                ],
                "probabilities": [
                    1.000000100565963,
                    -3.975446522201789e-09,
                    -4.170956143024863e-09,
                    -4.3522875895270685e-09,
                    -4.470186849725274e-09,
                    -4.763504536491097e-09,
                    -5.023602467944571e-09,
                    -5.246157355860222e-09,
                    -5.433461691048608e-09,
                    -5.589426613697326e-09,
                    -5.7179649266107145e-09,
                    -5.822472505713497e-09,
                    -5.905724259749771e-09,
                    -5.969910059577619e-09,
                    -6.016692488198451e-09,
                    -6.047257152933328e-09,
                    -6.062357861252883e-09,
                    -7.494096490248474e-09,
                    -8.504457383403589e-09
                ]
            }
        }
    }
}