{
    "lambda=inf": {
        "k=inf": {
            "agent_0": {
                "strategies": [
                    2,
                    4,
                    3,
                    5,
                    6,
                    7,
                    8,
                    9,
                    10,
                    11,
                    12,
                    13,
                    14,
                    15,
                    16,
                    17,
                    18,
                    19,
                    20,
                    21,
                    22,
                    23,
                    24,
                    25,
                    26,
                    27,
                    28,
                    29,
                    30,
                    31,
                    32,
                    33,
                    34,
                    35,
                    36,
                    37,
                    38,
                    39,
                    40,
                    41,
                    42,
                    43,
                    44,
                    45,
                    46,
                    47,
                    48,
                    49,
                    50,
                    51,
                    52,
                    53,
                    54,
                    55,
                    56,
                    57,
                    58,
                    59,
                    60,
                    61,
                    62,
                    63,
                    64,
                    65,
                    66,
                    67,
                    68,
                    69,
                    70
                ],
                "probabilities": [
                    1.0000002505598535,
                    1.5650238127529626e-08,
                    1.1851818060700109e-08,
                    1.0626465251304423e-08,
                    7.114297137847648e-09,
                    4.7051389193832135e-09,
                    2.972432551262676e-09,
                    1.6698947930354277e-09,
                    6.550612248057118e-10,
                    -1.585130345117069e-10,
                    -8.259095646408904e-10,
                    -1.3837698950718825e-09,
                    -1.857381921014576e-09,
                    -2.2647530620923174e-09,
                    -2.6190542750811833e-09,
                    -2.9301436298794295e-09,
                    -3.2055486803057974e-09,
                    -3.451118916247506e-09,
                    -3.671470528512843e-09,
                    -3.870296667786712e-09,
                    -4.0505883639050555e-09,
                    -4.214794745815501e-09,
                    -4.364941173818751e-09,
                    -4.502717650194091e-09,
                    -4.629545890811536e-09,
                    -4.746630843711684e-09,
                    -4.855000714464641e-09,
                    -4.955538389933343e-09,
                    -5.049006348548157e-09,
                    -5.136066584292059e-09,
                    -5.217296674718501e-09,
                    -5.293202838946448e-09,
                    -5.364230625374282e-09,
                    -5.430773717649669e-09,
                    -5.493181235362661e-09,
                    -5.551763822039826e-09,
                    -5.606798749611644e-09,
                    -5.65853422020023e-09,
                    -5.707193008922652e-09,
                    -5.752975562634924e-09,
                    -5.796062647098872e-09,
                    -5.836617617428108e-09,
                    -5.874788372738574e-09,
                    -5.910709044852015e-09,
                    -5.944501462041097e-09,
                    -5.976276421680534e-09,
                    -6.006134799907621e-09,
                    -6.034168521712653e-09,
                    -6.060461411056914e-09,
                    -6.085089937477168e-09,
                    -6.1081238730490716e-09,
                    -6.129626871440071e-09,
                    -6.149656979001529e-09,
                    -6.168267086363409e-09,
                    -6.185505327748698e-09,
                    -6.201415434176215e-09,
                    -6.216037045833988e-09,
                    -6.229405988152966e-09,
                    -6.241554515468897e-09,
                    -6.252511525610251e-09,
                    -6.2623027482756715e-09,
                    -6.270950909653983e-09,
                    -6.278475875381463e-09,
                    -6.284894773617193e-09,
                    -6.290222099739696e-09,
                    -6.2944698039209395e-09,
                    -6.2976473626121755e-09,
                    -6.2997618347740934e-09,
                    -6.300817903498839e-09
                ]
            },
            "agent_1": {
                "strategies": [
                    2,
                    4,
                    3,
                    5,
                    6,
                    7,
                    8,
                    9,
                    10,
                    11,
                    12,
                    13,
                    14,
                    15,
                    16,
                    17,
                    18,
                    19,
                    20,
                    21,
                    22,
                    23,
                    24,
                    25,
                    26,
                    27,
                    28,
                    29,
                    30,
                    31,
                    32,
                    33,
                    34,
                    35,
                    36,
                    37,
                    38,
                    39,
                    40,
                    41,
                    42,
                    43,
                    44,
                    45,
                    46,
                    47,
                    48,
                    49,
                    50,
                    51,
                    52,
                    53,
                    54,
                    55,
                    56,
                    57,
                    58,
                    59,
                    60,
                    61,
                    62,
                    63,
                    64,
                    65,
                    66,
                    67,
                    68,
                    69,
                    70
                ],