{
    "lambda=inf": {
        "k=inf": {
            "agent_0": {
                "strategies": [
                    2,
                    3
                ],
                "probabilities": [
                    1.0000000050881332,
                    -5.0881330891563645e-09
                ]
            },
            "agent_1": {
                "strategies": [
                    2,
                    3
                ],
                "probabilities": [
                    1.0000000050881332,
                    -5.088133115785386e-09
                ]
            }
        }
    }
}